SYMBOL,NAME OF COMPANY, SERIES, DATE OF LISTING, PAID UP VALUE, MARKET LOT, ISIN NUMBER, FACE VALUE
20MICRONS,20 Microns Limited,EQ,06-OCT-2008,5,1,INE144J01027,5
21STCENMGM,21st Century Management Services Limited,EQ,03-MAY-1995,10,1,INE253B01015,10
360ONE,360 ONE WAM LIMITED,EQ,19-SEP-2019,1,1,INE466L01038,1
3IINFOLTD,3i Infotech Limited,EQ,22-OCT-2021,10,1,INE748C01038,10
3MINDIA,3M India Limited,EQ,13-AUG-2004,10,1,INE470A01017,10
3PLAND,3P Land Holdings Limited,EQ,19-JUL-1995,2,1,INE105C01023,2
5PAISA,5Paisa Capital Limited,EQ,16-NOV-2017,10,1,INE618L01018,10
63MOONS,63 moons technologies limited,EQ,20-JUN-2005,2,1,INE111B01023,2
A2ZINFRA,A2Z Infra Engineering Limited,BE,23-DEC-2010,10,1,INE619I01012,10
AAATECH,AAA Technologies Limited,BE,28-NOV-2022,10,1,INE0D0U01013,10
AADHARHFC,Aadhar Housing Finance Limited,EQ,15-MAY-2024,10,1,INE883F01010,10
AAKASH,Aakash Exploration Services Limited,EQ,29-SEP-2020,1,1,INE087Z01024,1
AAREYDRUGS,Aarey Drugs & Pharmaceuticals Limited,BE,06-AUG-2021,10,1,INE198H01019,10
AARON,Aaron Industries Limited,EQ,06-NOV-2020,10,1,INE721Z01010,10
AARTECH,Aartech Solonics Limited,EQ,10-JUL-2023,5,1,INE01C001026,5
AARTIDRUGS,Aarti Drugs Limited,EQ,19-SEP-2003,10,1,INE767A01016,10
AARTIIND,Aarti Industries Limited,EQ,08-FEB-1995,5,1,INE769A01020,5
AARTIPHARM,Aarti Pharmalabs Limited,EQ,30-JAN-2023,5,1,INE0LRU01027,5
AARTISURF,Aarti Surfactants Limited,EQ,14-JUL-2020,10,1,INE09EO01013,10
AARVI,Aarvi Encon Limited,EQ,24-JUN-2020,10,1,INE754X01016,10
AAVAS,Aavas Financiers Limited,EQ,08-OCT-2018,10,1,INE216P01012,10
ABAN,Aban Offshore Limited,BE,29-MAR-1995,2,1,INE421A01028,2
ABB,ABB India Limited,EQ,08-FEB-1995,2,1,INE117A01022,2
ABBOTINDIA,Abbott India Limited,EQ,08-JAN-2010,10,1,INE358A01014,10
ABCAPITAL,Aditya Birla Capital Limited,EQ,01-SEP-2017,10,1,INE674K01013,10
ABCOTS,A B Cotspin India Limited,EQ,24-SEP-2025,10,1,INE08PH01015,10
ABDL,Allied Blenders and Distillers Limited,EQ,02-JUL-2024,2,1,INE552Z01027,2
ABFRL,Aditya Birla Fashion and Retail Limited,EQ,17-JUL-2013,10,1,INE647O01011,10
ABINFRA,A B Infrabuild Limited,EQ,08-NOV-2024,1,1,INE00YB01025,1
ABLBL,Aditya Birla Lifestyle Brands Limited,EQ,23-JUN-2025,10,1,INE14LE01019,10
ABMINTLLTD,ABM International Limited,BE,09-SEP-2021,10,1,INE251C01025,10
ABREL,Aditya Birla Real Estate Limited,EQ,27-JUN-2003,10,1,INE055A01016,10
ABSLAMC,Aditya Birla Sun Life AMC Limited,EQ,11-OCT-2021,5,1,INE404A01024,5
ACC,ACC Limited,EQ,20-NOV-1996,10,1,INE012A01025,10
ACCELYA,Accelya Solutions India Limited,EQ,01-DEC-1999,10,1,INE793A01012,10
ACCURACY,Accuracy Shipping Limited,EQ,11-DEC-2020,1,1,INE648Z01023,1
ACE,Action Construction Equipment Limited,EQ,26-SEP-2006,2,1,INE731H01025,2
ACEINTEG,Ace Integrated Solutions Limited,EQ,04-NOV-2022,10,1,INE543V01017,10
ACI,Archean Chemical Industries Limited,EQ,21-NOV-2022,2,1,INE128X01021,2
ACL,Andhra Cements Limited,BE,10-MAY-2023,10,1,INE666E01020,10
ACLGATI,Allcargo Gati Limited,EQ,10-OCT-2006,2,1,INE152B01027,2
ACMESOLAR,Acme Solar Holdings Limited,EQ,13-NOV-2024,2,1,INE622W01025,2
ACUTAAS,Acutaas Chemicals Limited,EQ,14-SEP-2021,5,1,INE00FF01025,5
ADANIENSOL,Adani Energy Solutions Limited,EQ,31-JUL-2015,10,1,INE931S01010,10
ADANIENT,Adani Enterprises Limited,EQ,04-JUN-1997,1,1,INE423A01024,1
ADANIGREEN,Adani Green Energy Limited,EQ,18-JUN-2018,10,1,INE364U01010,10
ADANIPORTS,Adani Ports and Special Economic Zone Limited,EQ,27-NOV-2007,2,1,INE742F01042,2
ADANIPOWER,Adani Power Limited,EQ,20-AUG-2009,2,1,INE814H01029,2
ADFFOODS,ADF Foods Limited,EQ,15-SEP-2010,2,1,INE982B01027,2
ADL,Archidply Decor Limited,EQ,01-OCT-2020,10,1,INE0CHO01012,10
ADOR,Ador Welding Limited,EQ,10-MAY-1995,10,1,INE045A01017,10
ADROITINFO,Adroit Infotech Limited,EQ,13-AUG-1997,10,1,INE737B01033,10
ADSL,Allied Digital Services Limited,EQ,25-JUL-2007,5,1,INE102I01027,5
ADVANCE,Advance Agrolife Limited,BE,08-OCT-2025,10,1,INE1B0W01010,10
ADVANIHOTR,Advani Hotels & Resorts (India) Limited,EQ,25-JUN-2007,2,1,INE199C01026,2
ADVENZYMES,Advanced Enzyme Technologies Limited,EQ,01-AUG-2016,2,1,INE837H01020,2
AEGISLOG,Aegis Logistics Limited,EQ,03-APR-1996,1,1,INE208C01025,1
AEGISVOPAK,Aegis Vopak Terminals Limited,EQ,02-JUN-2025,10,1,INE0INX01018,10
AEROENTER,Aeroflex Enterprises Limited,EQ,21-NOV-2022,2,1,INE065D01027,2
AEROFLEX,Aeroflex Industries Limited,EQ,31-AUG-2023,2,1,INE024001021,2
AERONEU,Aeroflex Neu Limited,EQ,12-JAN-2023,10,1,INE035801013,10
AETHER,Aether Industries Limited,EQ,03-JUN-2022,10,1,INE0BWX01014,10
AFCONS,Afcons Infrastructure Limited,EQ,04-NOV-2024,10,1,INE101I01011,10
AFFLE,Affle 3i Limited,EQ,08-AUG-2019,2,1,INE00WC01027,2
AFFORDABLE,Affordable Robotic & Automation Limited,EQ,23-OCT-2024,10,1,INE692Z01013,10
AFIL,Akme Fintrade (India) Limited,EQ,26-JUN-2024,1,1,INE916Y01027,1
AFSL,Abans Financial Services Limited,EQ,23-DEC-2022,2,1,INE00ZE01026,2
AGARIND,Agarwal Industrial Corporation Limited,EQ,26-MAY-2014,10,1,INE204E01012,10
AGARWALEYE,Dr. Agarwal's Health Care Limited,EQ,04-FEB-2025,1,1,INE943P01029,1
AGI,AGI Greenpac Limited,EQ,31-MAY-2000,2,1,INE415A01038,2
AGIIL,Agi Infra Limited,EQ,15-JUL-2024,1,1,INE976R01033,1
AGRITECH,Agri-Tech (India) Limited,EQ,28-JAN-2014,10,1,INE449G01018,10
AGROPHOS,Agro Phos India Limited,BE,08-MAR-2019,10,1,INE740V01019,10
AGSTRA,AGS Transact Technologies Limited,BZ,31-JAN-2022,10,1,INE583L01014,10
AHCL,Anlon Healthcare Limited,BE,03-SEP-2025,10,1,INE0Y8W01017,10
AHLADA,Ahlada Engineers Limited,EQ,28-JAN-2021,10,1,INE00PV01013,10
AHLEAST,Asian Hotels (East) Limited,EQ,11-AUG-2010,10,1,INE926K01017,10
AHLUCONT,Ahluwalia Contracts (India) Limited,EQ,14-DEC-2009,2,1,INE758C01029,2
AIAENG,AIA Engineering Limited,EQ,14-DEC-2005,2,1,INE212H01026,2
AIIL,Authum Investment & Infrastructure Limited,EQ,23-APR-2024,1,1,INE206F01022,1
AIRAN,Airan Limited,EQ,03-MAY-2019,2,1,INE645W01026,2
AIROLAM,Airo Lam limited,EQ,13-OCT-2021,10,1,INE801L01010,10
AJANTPHARM,Ajanta Pharma Limited,EQ,29-MAY-2000,2,1,INE031B01049,2
AJAXENGG,Ajax Engineering Limited,EQ,17-FEB-2025,1,1,INE274Y01021,1
AJMERA,Ajmera Realty & Infra India Limited,EQ,16-JUN-2009,10,1,INE298G01027,10
AJOONI,Ajooni Biotech Limited,EQ,07-MAY-2021,2,1,INE820Y01021,2
AKASH,Akash Infra-Projects Limited,EQ,11-OCT-2019,10,1,INE737W01013,10
AKG,Akg Exim Limited,EQ,16-FEB-2021,10,1,INE00Y801016,10
AKI,AKI India Limited,EQ,06-APR-2023,2,1,INE642Z01026,2
AKSHAR,Akshar Spintex Limited,BE,23-MAY-2022,1,1,INE256Z01025,1
AKSHARCHEM,AksharChem India Limited,EQ,28-MAR-2017,10,1,INE542B01011,10
AKSHOPTFBR,Aksh Optifibre Limited,EQ,18-AUG-2000,5,1,INE523B01011,5
AKUMS,Akums Drugs and Pharmaceuticals Limited,EQ,06-AUG-2024,2,1,INE09XN01023,2
AKZOINDIA,Akzo Nobel India Limited,EQ,28-JUN-2001,10,1,INE133A01011,10
ALANKIT,Alankit Limited,EQ,30-JUN-2015,1,1,INE914E01040,1
ALBERTDAVD,Albert David Limited,EQ,14-JUN-2016,10,1,INE155C01010,10
ALEMBICLTD,Alembic Limited,EQ,22-SEP-1999,2,1,INE426A01027,2
ALICON,Alicon Castalloy Limited,EQ,29-SEP-2006,5,1,INE062D01024,5
ALIVUS,Alivus Life Sciences Limited,EQ,06-AUG-2021,2,1,INE03Q201024,2
ALKALI,Alkali Metals Limited,EQ,06-NOV-2008,10,1,INE773I01017,10
ALKEM,Alkem Laboratories Limited,EQ,23-DEC-2015,2,1,INE540L01014,2
ALKYLAMINE,Alkyl Amines Chemicals Limited,EQ,26-NOV-2007,2,1,INE150B01039,2
ALLCARGO,Allcargo Logistics Limited,EQ,23-JUN-2006,2,1,INE418H01029,2
ALLDIGI,Alldigi Tech Limited,EQ,09-MAY-2005,10,1,INE835G01018,10
ALLTIME,All Time Plastics Limited,EQ,14-AUG-2025,2,1,INE0GV601021,2
ALMONDZ,Almondz Global Securities Limited,EQ,16-JUN-2008,1,1,INE326B01035,1
ALOKINDS,Alok Industries Limited,EQ,19-FEB-2020,1,1,INE270A01029,1
ALPA,Alpa Laboratories Limited,EQ,06-AUG-2007,10,1,INE385I01010,10
ALPHAGEO,Alphageo (India) Limited,EQ,11-MAY-2007,10,1,INE137C01018,10
ALPSINDUS,Alps Industries Limited,BE,24-APR-1996,10,1,INE093B01015,10
AMANTA,Amanta Healthcare Limited,EQ,09-SEP-2025,10,1,INE084K01015,10
AMBER,Amber Enterprises India Limited,EQ,30-JAN-2018,10,1,INE371P01015,10
AMBICAAGAR,Ambica Agarbathies & Aroma industries Limited,EQ,29-JUN-2004,10,1,INE792B01012,10
AMBIKCO,Ambika Cotton Mills Limited,EQ,29-JAN-2008,10,1,INE540G01014,10
AMBUJACEM,Ambuja Cements Limited,EQ,18-FEB-1998,2,1,INE079A01024,2
AMDIND,AMD Industries Limited,EQ,19-MAR-2007,10,1,INE005I01014,10
AMJLAND,Amj Land Holdings Limited,EQ,08-FEB-1995,2,1,INE606A01024,2
AMNPLST,Amines & Plasticizers Limited,EQ,10-NOV-2023,2,1,INE275D01022,2
AMRUTANJAN,Amrutanjan Health Care Limited,EQ,02-JAN-2015,1,1,INE098F01031,1
ANANDRATHI,Anand Rathi Wealth Limited,EQ,14-DEC-2021,5,1,INE463V01026,5
ANANTRAJ,Anant Raj Limited,EQ,27-SEP-2006,2,1,INE242C01024,2
ANDHRAPAP,ANDHRA PAPER LIMITED,EQ,13-MAY-2004,2,1,INE435A01051,2
ANDHRSUGAR,The Andhra Sugars Limited,EQ,01-NOV-1995,2,1,INE715B01021,2
ANGELONE,Angel One Limited,EQ,05-OCT-2020,10,1,INE732I01013,10
ANIKINDS,Anik Industries Limited,EQ,21-MAY-2008,10,1,INE087B01017,10
ANKITMETAL,Ankit Metal & Power Limited,BZ,14-MAR-2013,10,1,INE106I01010,10
ANMOL,Anmol India Limited,EQ,04-JUN-2021,10,1,INE02AR01019,10
ANSALAPI,Ansal Properties & Infrastructure Limited,BZ,27-JAN-2006,5,1,INE436A01026,5
ANTELOPUS,Antelopus Selan Energy Limited,EQ,26-SEP-2006,10,1,INE818A01017,10
ANTGRAPHIC,Antarctica Limited,EQ,31-DEC-1997,1,1,INE414B01021,1
ANTHEM,Anthem Biosciences Limited,EQ,21-JUL-2025,2,1,INE0CZ201020,2
ANUHPHR,Anuh Pharma Limited,EQ,20-DEC-2024,5,1,INE489G01022,5
ANUP,The Anup Engineering Limited,EQ,01-MAR-2019,10,1,INE294Z01018,10
ANURAS,Anupam Rasayan India Limited,EQ,24-MAR-2021,10,1,INE930P01018,10
APARINDS,Apar Industries Limited,EQ,12-JUL-2004,10,1,INE372A01015,10
APCL,Anjani Portland Cement Limited,EQ,10-APR-2017,10,1,INE071F01012,10
APCOTEXIND,Apcotex Industries Limited,EQ,06-SEP-1995,2,1,INE116A01032,2
APEX,Apex Frozen Foods Limited,EQ,04-SEP-2017,10,1,INE346W01013,10
APLAPOLLO,APL Apollo Tubes Limited,EQ,14-DEC-2011,2,1,INE702C01027,2
APLLTD,Alembic Pharmaceuticals Limited,EQ,20-SEP-2011,2,1,INE901L01018,2
APOLLO,Apollo Micro Systems Limited,EQ,22-JAN-2018,1,1,INE713T01028,1
APOLLOHOSP,Apollo Hospitals Enterprise Limited,EQ,10-JAN-1996,5,1,INE437A01024,5
APOLLOPIPE,Apollo Pipes Limited,EQ,11-NOV-2019,10,1,INE126J01016,10
APOLLOTYRE,Apollo Tyres Limited,EQ,31-MAY-1995,1,1,INE438A01022,1
APOLSINHOT,Apollo Sindoori Hotels Limited,EQ,28-JAN-2015,5,1,INE451F01024,5
APTECHT,Aptech Limited,EQ,27-SEP-2002,10,1,INE266F01018,10
APTUS,Aptus Value Housing Finance India Limited,EQ,24-AUG-2021,2,1,INE852O01025,2
ARCHIDPLY,Archidply Industries Limited,EQ,04-JUL-2008,10,1,INE877I01016,10
ARCHIES,Archies Limited,EQ,02-SEP-1998,2,1,INE731A01020,2
ARE&M,Amara Raja Energy & Mobility Limited,EQ,05-SEP-2003,1,1,INE885A01032,1
ARENTERP,Rajdarshan Industries Limited,EQ,18-OCT-1995,10,1,INE610C01014,10
ARFIN,Arfin India Limited,BE,22-JUL-2025,1,1,INE784R01023,1
ARIES,Aries Agro Limited,EQ,11-JAN-2008,10,1,INE298I01015,10
ARIHANTCAP,Arihant Capital Markets Limited,EQ,15-JUN-2021,1,1,INE420B01036,1
ARIHANTSUP,Arihant Superstructures Limited,EQ,28-MAR-2017,10,1,INE643K01018,10
ARISINFRA,Arisinfra Solutions Limited,EQ,25-JUN-2025,2,1,INE0H9P01028,2
ARKADE,Arkade Developers Limited,EQ,24-SEP-2024,10,1,INE0QRL01017,10
ARMANFIN,Arman Financial Services Limited,EQ,14-JUN-2016,10,1,INE109C01017,10
AROGRANITE,Aro Granite Industries Limited,EQ,24-APR-2007,10,1,INE210C01013,10
ARROWGREEN,Arrow Greentech Limited,EQ,21-MAY-2015,10,1,INE570D01018,10
ARSHIYA,Arshiya Limited,BZ,14-DEC-2009,2,1,INE968D01022,2
ARSSBL,Anand Rathi Share and Stock Brokers Limited,EQ,30-SEP-2025,5,1,INE549H01021,5
ARTEMISMED,Artemis Medicare Services Limited,EQ,23-JAN-2020,1,1,INE025R01021,1
ARTNIRMAN,Art Nirman Limited,EQ,18-OCT-2021,10,1,INE738V01013,10
ARVEE,Arvee Laboratories (India) Limited,EQ,22-MAR-2021,10,1,INE006Z01016,10
ARVIND,Arvind Limited,EQ,08-FEB-1995,10,1,INE034A01011,10
ARVINDFASN,Arvind Fashions Limited,EQ,08-MAR-2019,4,1,INE955V01021,4
ARVSMART,Arvind SmartSpaces Limited,EQ,26-AUG-2015,10,1,INE034S01021,10
ASAHIINDIA,Asahi India Glass Limited,EQ,18-MAR-1998,1,1,INE439A01020,1
ASAHISONG,Asahi Songwon Colors Limited,EQ,29-AUG-2011,10,1,INE228I01012,10
ASAL,Automotive Stampings and Assemblies Limited,EQ,12-MAR-2002,10,1,INE900C01027,10
ASALCBR,Associated Alcohols & Breweries Ltd.,EQ,12-FEB-2020,10,1,INE073G01016,10
ASHAPURMIN,Ashapura Minechem Limited,EQ,20-SEP-1995,2,1,INE348A01023,2
ASHIANA,Ashiana Housing Limited,EQ,29-JUN-2011,2,1,INE365D01021,2
ASHIMASYN,Ashima Limited,EQ,27-JUL-1995,10,1,INE440A01010,10
ASHOKA,Ashoka Buildcon Limited,EQ,14-OCT-2010,5,1,INE442H01029,5
ASHOKAMET,Ashoka Metcast Limited,EQ,27-JUN-2023,10,1,INE760Y01011,10
ASHOKLEY,Ashok Leyland Limited,EQ,25-MAY-1995,1,1,INE208A01029,1
ASIANENE,Asian Energy Services Limited,EQ,09-DEC-2021,10,1,INE276G01015,10
ASIANHOTNR,Asian Hotels (North) Limited,EQ,07-APR-2010,10,1,INE363A01022,10
ASIANPAINT,Asian Paints Limited,EQ,31-MAY-1995,1,1,INE021A01026,1
ASIANTILES,Asian Granito India Limited,EQ,23-AUG-2007,10,1,INE022I01019,10
ASKAUTOLTD,ASK Automotive Limited,EQ,15-NOV-2023,2,1,INE491J01022,2
ASMS,Bartronics India Limited,BE,09-FEB-2023,1,1,INE855F01042,1
ASPINWALL,Aspinwall and Company Limited,EQ,14-JUN-2016,10,1,INE991I01015,10
ASTEC,Astec LifeSciences Limited,EQ,25-NOV-2009,10,1,INE563J01010,10
ASTERDM,Aster DM Healthcare Limited,EQ,26-FEB-2018,10,1,INE914M01019,10
ASTRAL,Astral Limited,EQ,20-MAR-2007,1,1,INE006I01046,1
ASTRAMICRO,Astra Microwave Products Limited,EQ,01-NOV-2004,2,1,INE386C01029,2
ASTRAZEN,AstraZeneca Pharma India Limited,EQ,04-MAY-2001,2,1,INE203A01020,2
ASTRON,Astron Paper & Board Mill Limited,EQ,29-DEC-2017,10,1,INE646X01014,10
ATALREAL,Atal Realtech Limited,EQ,12-MAY-2023,2,1,INE0ALR01029,2
ATAM,Atam Valves Limited,EQ,10-MAY-2023,10,1,INE09KD01013,10
ATGL,Adani Total Gas Limited,EQ,05-NOV-2018,1,1,INE399L01023,1
ATHERENERG,Ather Energy Limited,EQ,06-MAY-2025,1,1,INE0LEZ01016,1
ATL,Allcargo Terminals Limited,EQ,10-AUG-2023,2,1,INE0NN701020,2
ATLANTAA,ATLANTAA LIMITED,BE,25-SEP-2006,2,1,INE285H01022,2
ATLANTAELE,Atlanta Electricals Limited,EQ,29-SEP-2025,2,1,INE0Z4F01028,2
ATLASCYCLE,Atlas Cycles (Haryana) Limited,EQ,23-OCT-1996,5,1,INE446A01025,5
ATUL,Atul Limited,EQ,06-MAY-1998,10,1,INE100A01010,10
ATULAUTO,Atul Auto Limited,EQ,26-JUN-2013,5,1,INE951D01028,5
AUBANK,AU Small Finance Bank Limited,EQ,10-JUL-2017,10,1,INE949L01017,10
AURIGROW,Auri Grow India Limited,EQ,24-DEC-2020,1,1,INE925Y01036,1
AURIONPRO,Aurionpro Solutions Limited,EQ,25-OCT-2005,10,1,INE132H01018,10
AUROPHARMA,Aurobindo Pharma Limited,EQ,19-JUL-2000,1,1,INE406A01037,1
AURUM,Aurum PropTech Limited,EQ,19-AUG-2015,5,1,INE898S01029,5
AUSOMENT,Ausom Enterprise Limited,EQ,17-APR-1996,10,1,INE218C01016,10
AUTOAXLES,Automotive Axles Limited,EQ,29-MAY-2003,10,1,INE449A01011,10
AUTOIND,Autoline Industries Limited,EQ,31-JAN-2007,10,1,INE718H01014,10
AVADHSUGAR,Avadh Sugar & Energy Limited,EQ,28-JUL-2017,10,1,INE349W01017,10
AVALON,Avalon Technologies Limited,EQ,18-APR-2023,2,1,INE0LCL01028,2
AVANTEL,Avantel Limited,EQ,31-JUL-2024,2,1,INE005B01027,2
AVANTIFEED,Avanti Feeds Limited,EQ,15-APR-2015,1,1,INE871C01038,1
AVG,AVG Logistics Limited,EQ,12-MAY-2023,10,1,INE680Z01018,10
AVL,Aditya Vision Limited,EQ,06-NOV-2024,1,1,INE679V01027,1
AVONMORE,Avonmore Capital & Management Services Limited,EQ,04-JAN-2023,1,1,INE323B01024,1
AVROIND,AVRO INDIA LIMITED,EQ,07-APR-2022,10,1,INE652Z01017,10
AVTNPL,AVT Natural Products Limited,EQ,10-JAN-2007,1,1,INE488D01021,1
AWFIS,Awfis Space Solutions Limited,EQ,30-MAY-2024,10,1,INE108V01019,10
AWHCL,Antony Waste Handling Cell Limited,EQ,01-JAN-2021,5,1,INE01BK01022,5
AWL,AWL Agri Business Limited,EQ,08-FEB-2022,1,1,INE699H01024,1
AXISBANK,Axis Bank Limited,EQ,16-NOV-1998,2,1,INE238A01034,2
AXISCADES,AXISCADES Technologies Limited,BE,21-DEC-2000,5,1,INE555B01013,5
AXITA,Axita Cotton Limited,EQ,21-JUN-2022,1,1,INE02EZ01022,1
AYMSYNTEX,AYM Syntex Limited,EQ,14-AUG-2015,10,1,INE193B01039,10
AZAD,Azad Engineering Limited,EQ,28-DEC-2023,2,1,INE02IJ01035,2
BAFNAPH,Bafna Pharmaceuticals Limited,BE,27-FEB-2020,10,1,INE878I01022,10
BAGFILMS,B.A.G Films and Media Limited,EQ,17-OCT-2003,2,1,INE116D01028,2
BAIDFIN,Baid Finserv Limited,EQ,20-JAN-2023,2,1,INE020D01022,2
BAJAJ-AUTO,Bajaj Auto Limited,EQ,26-MAY-2008,10,1,INE917I01010,10
BAJAJCON,Bajaj Consumer Care Limited,EQ,18-AUG-2010,1,1,INE933K01021,1
BAJAJELEC,Bajaj Electricals Limited,EQ,02-NOV-2007,2,1,INE193E01025,2
BAJAJFINSV,Bajaj Finserv Limited,EQ,26-MAY-2008,1,1,INE918I01026,1
BAJAJHCARE,Bajaj Healthcare Limited,EQ,25-NOV-2021,5,1,INE411U01027,5
BAJAJHFL,Bajaj Housing Finance Limited,EQ,16-SEP-2024,10,1,INE377Y01014,10
BAJAJHIND,Bajaj Hindusthan Sugar Limited,EQ,10-MAY-1995,1,1,INE306A01021,1
BAJAJHLDNG,Bajaj Holdings & Investment Limited,EQ,15-MAR-1995,10,1,INE118A01012,10
BAJAJINDEF,Indef Manufacturing Limited,EQ,21-FEB-2025,1,1,INE0O9T01021,1
BAJEL,Bajel Projects Limited,EQ,19-DEC-2023,2,1,INE0KQN01018,2
BAJFINANCE,Bajaj Finance Limited,EQ,01-APR-2003,1,1,INE296A01032,1
BALAJEE,Shree Tirupati Balajee Agro Trading Company Limited,EQ,12-SEP-2024,10,1,INE0S2G01011,10
BALAJITELE,Balaji Telefilms Limited,EQ,22-NOV-2000,2,1,INE794B01026,2
BALAMINES,Balaji Amines Limited,EQ,05-APR-2007,2,1,INE050E01027,2
BALAXI,BALAXI PHARMACEUTICALS LIMITED,EQ,30-NOV-2015,2,1,INE618N01022,2
BALKRISHNA,Balkrishna Paper Mills Limited,EQ,28-JUL-2015,10,1,INE875R01011,10
BALKRISIND,Balkrishna Industries Limited,EQ,27-JAN-2006,2,1,INE787D01026,2
BALMLAWRIE,Balmer Lawrie & Company Limited,EQ,06-JUL-1995,10,1,INE164A01016,10
BALPHARMA,Bal Pharma Limited,EQ,08-MAY-2006,10,1,INE083D01012,10
BALRAMCHIN,Balrampur Chini Mills Limited,EQ,08-FEB-1995,1,1,INE119A01028,1
BALUFORGE,Balu Forge Industries Limited,EQ,29-APR-2024,10,1,INE011E01029,10
BANARBEADS,Banaras Beads Limited,EQ,07-JUL-1995,10,1,INE655B01011,10
BANARISUG,Bannari Amman Sugars Limited,EQ,28-MAY-2003,10,1,INE459A01010,10
BANCOINDIA,Banco Products (I) Limited,EQ,22-DEC-2006,2,1,INE213C01025,2
BANDHANBNK,Bandhan Bank Limited,EQ,27-MAR-2018,10,1,INE545U01014,10
BANG,Bang Overseas Limited,EQ,20-FEB-2008,10,1,INE863I01016,10
BANKA,Banka BioLoo Limited,EQ,29-OCT-2020,10,1,INE862Y01015,10
BANKBARODA,Bank of Baroda,EQ,19-FEB-1997,2,1,INE028A01039,2
BANKINDIA,Bank of India,EQ,30-APR-1997,10,1,INE084A01016,10
BANSALWIRE,Bansal Wire Industries Limited,EQ,10-JUL-2024,5,1,INE0B9K01025,5
BANSWRAS,Banswara Syntex Limited,EQ,11-APR-2007,5,1,INE629D01020,5
BASF,BASF India Limited,EQ,17-MAY-1995,10,1,INE373A01013,10
BASML,Bannari Amman Spinning Mills Limited,EQ,14-NOV-2005,5,1,INE186H01022,5
BATAINDIA,Bata India Limited,EQ,18-JUN-2003,5,1,INE176A01028,5
BAYERCROP,Bayer Cropscience Limited,EQ,08-JAN-2010,10,1,INE462A01022,10
BBL,Bharat Bijlee Limited,EQ,21-NOV-2006,5,1,INE464A01036,5
BBOX,Black Box Limited,EQ,22-JUL-2003,2,1,INE676A01027,2
BBTC,Bombay Burmah Trading Corporation Limited,EQ,03-APR-1996,2,1,INE050A01025,2
BBTCL,B&B Triplewall Containers Limited,EQ,23-NOV-2022,10,1,INE01EE01011,10
BCG,Brightcom Group Limited,EQ,08-MAY-2015,2,1,INE425B01027,2
BCLIND,Bcl Industries Limited,EQ,04-MAR-2021,1,1,INE412G01024,1
BCONCEPTS,Brand Concepts Limited,BE,11-JAN-2022,10,1,INE977Y01011,10
BDL,Bharat Dynamics Limited,EQ,23-MAR-2018,5,1,INE171Z01026,5
BEARDSELL,Beardsell Limited,EQ,13-JAN-2015,2,1,INE520H01022,2
BECTORFOOD,Mrs. Bectors Food Specialities Limited,EQ,24-DEC-2020,10,1,INE495P01012,10
BEDMUTHA,Bedmutha Industries Limited,EQ,14-OCT-2010,10,1,INE844K01012,10
BEL,Bharat Electronics Limited,EQ,19-JUL-2000,1,1,INE263A01024,1
BELLACASA,Bella Casa Fashion & Retail Limited,EQ,18-JUL-2025,10,1,INE344T01014,10
BELRISE,Belrise Industries Limited,EQ,28-MAY-2025,5,1,INE894V01022,5
BEML,BEML Limited,EQ,05-NOV-2003,10,1,INE258A01016,10
BEPL,Bhansali Engineering Polymers Limited,EQ,21-MAR-2005,1,1,INE922A01025,1
BERGEPAINT,Berger Paints (I) Limited,EQ,24-NOV-1999,1,1,INE463A01038,1
BESTAGRO,Best Agrolife Limited,EQ,10-APR-2024,10,1,INE052T01013,10
BFINVEST,BF Investment Limited,EQ,14-JAN-2011,5,1,INE878K01010,5
BFUTILITIE,BF Utilities Limited,EQ,03-MAY-2007,5,1,INE243D01012,5
BGRENERGY,BGR Energy Systems Limited,BE,03-JAN-2008,10,1,INE661I01014,10
BHAGCHEM,Bhagiradha Chemicals & Industries Limited,EQ,18-OCT-2021,1,1,INE414D01027,1
BHAGERIA,Bhageria Industries Limited,EQ,02-MAR-2016,5,1,INE354C01027,5
BHAGYANGR,Bhagyanagar India Limited,BE,17-MAY-2017,2,1,INE458B01036,2
BHANDARI,Bhandari Hosiery Exports Limited,EQ,30-JAN-2017,1,1,INE474E01029,1
BHARATFORG,Bharat Forge Limited,EQ,04-APR-2003,2,1,INE465A01025,2
BHARATGEAR,Bharat Gears Limited,BE,03-APR-1996,10,1,INE561C01019,10
BHARATRAS,Bharat Rasayan Limited,EQ,11-OCT-1995,10,1,INE838B01013,10
BHARATSE,Bharat Seats Limited,EQ,24-MAR-2025,2,1,INE415D01024,2
BHARATWIRE,Bharat Wire Ropes Limited,EQ,01-APR-2016,10,1,INE316L01019,10
BHARTIARTL,Bharti Airtel Limited,EQ,15-FEB-2002,5,1,INE397D01024,5
BHARTIHEXA,Bharti Hexacom Limited,EQ,12-APR-2024,5,1,INE343G01021,5
BHEL,Bharat Heavy Electricals Limited,EQ,11-NOV-2003,2,1,INE257A01026,2
BIGBLOC,Bigbloc Construction Limited,EQ,02-SEP-2016,2,1,INE412U01025,2
BIKAJI,Bikaji Foods International Limited,EQ,16-NOV-2022,1,1,INE00E101023,1
BIL,Bhartiya International Limited,EQ,12-APR-2000,10,1,INE828A01016,10
BILVYAPAR,BIL VYAPAR LIMITED,EQ,27-SEP-2006,10,1,INE071A01013,10
BIOCON,Biocon Limited,EQ,07-APR-2004,5,1,INE376G01013,5
BIOFILCHEM,Biofil Chemicals & Pharmaceuticals Limited,EQ,12-JUN-1996,10,1,INE829A01014,10
BIRLACABLE,Birla Cable Limited,EQ,06-DEC-1995,10,1,INE800A01015,10
BIRLACORPN,Birla Corporation Limited,EQ,12-APR-1995,10,1,INE340A01012,10
BIRLAMONEY,Aditya Birla Money Limited,EQ,07-FEB-2008,1,1,INE865C01022,1
BIRLANU,BirlaNu Limited,EQ,26-APR-1995,10,1,INE557A01011,10
BLACKBUCK,BLACKBUCK LIMITED,EQ,22-NOV-2024,1,1,INE0UIZ01018,1
BLAL,BEML Land Assets Limited,EQ,19-APR-2023,10,1,INE0N7W01012,10
BLBLIMITED,BLB Limited,EQ,31-MAY-2000,1,1,INE791A01024,1
BLISSGVS,Bliss GVS Pharma Limited,EQ,26-JUL-2010,1,1,INE416D01022,1
BLKASHYAP,B. L. Kashyap and Sons Limited,EQ,17-MAR-2006,1,1,INE350H01032,1
BLS,BLS International Services Limited,EQ,14-JUN-2016,1,1,INE153T01027,1
BLSE,BLS E-Services Limited,EQ,06-FEB-2024,10,1,INE0NLT01010,10
BLUECOAST,Blue Coast Hotels Limited,BE,16-FEB-2000,10,1,INE472B01011,10
BLUEDART,Blue Dart Express Limited,EQ,12-DEC-2002,10,1,INE233B01017,10
BLUEJET,Blue Jet Healthcare Limited,EQ,01-NOV-2023,2,1,INE0KBH01020,2
BLUESTARCO,Blue Star Limited,EQ,15-JUN-2000,2,1,INE472A01039,2
BLUESTONE,BlueStone Jewellery and Lifestyle Limited,EQ,19-AUG-2025,1,1,INE304W01038,1
BLUSPRING,Bluspring Enterprises Limited,EQ,11-JUN-2025,10,1,INE0U4101014,10
BMWVENTLTD,BMW Ventures Limited,EQ,01-OCT-2025,10,1,INE965W01036,10
BODALCHEM,Bodal Chemicals Limited,EQ,22-AUG-2011,2,1,INE338D01028,2
BOHRAIND,Bohra Industries Limited,EQ,27-OCT-2022,10,1,INE802W01023,10
BOMDYEING,Bombay Dyeing & Mfg Company Limited,EQ,26-APR-1995,2,1,INE032A01023,2
BORANA,Borana Weaves Limited,EQ,27-MAY-2025,10,1,INE16SF01016,10
BOROLTD,Borosil Limited,EQ,22-JUL-2020,1,1,INE02PY01013,1
BORORENEW,BOROSIL RENEWABLES LIMITED,EQ,25-MAY-2018,1,1,INE666D01022,1
BOROSCI,Borosil Scientific Limited,EQ,07-JUN-2024,1,1,INE02L001032,1
BOSCHLTD,Bosch Limited,EQ,12-MAY-2003,10,1,INE323A01026,10
BPCL,Bharat Petroleum Corporation Limited,EQ,13-SEP-1995,10,1,INE029A01011,10
BPL,BPL Limited,EQ,14-JUN-1995,10,1,INE110A01019,10
BRIGADE,Brigade Enterprises Limited,EQ,31-DEC-2007,10,1,INE791I01019,10
BRIGHOTEL,Brigade Hotel Ventures Limited,EQ,31-JUL-2025,10,1,INE03NU01014,10
BRITANNIA,Britannia Industries Limited,EQ,05-NOV-1998,1,1,INE216A01030,1
BRNL,Bharat Road Network Limited,EQ,18-SEP-2017,10,1,INE727S01012,10
BROOKS,Brooks Laboratories Limited,EQ,05-SEP-2011,10,1,INE650L01011,10
BSE,BSE Limited,EQ,03-FEB-2017,2,1,INE118H01025,2
BSHSL,Bombay Super Hybrid Seeds Limited,EQ,28-OCT-2020,1,1,INE032Z01020,1
BSL,BSL Limited,EQ,27-JUL-1995,10,1,INE594B01012,10
BSOFT,BIRLASOFT LIMITED,EQ,24-NOV-1999,2,1,INE836A01035,2
BTML,Bodhi Tree Multimedia Limited,EQ,15-FEB-2023,1,1,INE0EEJ01023,1
BUTTERFLY,Butterfly Gandhimathi Appliances Limited,EQ,28-APR-2014,10,1,INE295F01017,10
BVCL,Barak Valley Cements Limited,BE,23-NOV-2007,10,1,INE139I01011,10
BYKE,The Byke Hospitality Ltd,EQ,15-APR-2015,10,1,INE319B01014,10
CALSOFT,California Software Company Limited,EQ,28-JUN-2000,10,1,INE526B01014,10
CAMLINFINE,Camlin Fine Sciences Limited,EQ,20-JAN-2015,1,1,INE052I01032,1
CAMPUS,Campus Activewear Limited,EQ,09-MAY-2022,5,1,INE278Y01022,5
CAMS,Computer Age Management Services Limited,EQ,07-MAY-2021,10,1,INE596I01012,10
CANBK,Canara Bank,EQ,23-DEC-2002,2,1,INE476A01022,2
CANFINHOME,Can Fin Homes Limited,EQ,10-MAY-1995,2,1,INE477A01020,2
CANHLIFE,Canara HSBC Life Insurance Company Limited,EQ,17-OCT-2025,10,1,INE01TY01017,10
CANTABIL,Cantabil Retail India Limited,EQ,12-OCT-2010,2,1,INE068L01024,2
CAPACITE,Capacit'e Infraprojects Limited,EQ,25-SEP-2017,10,1,INE264T01014,10
CAPITALSFB,Capital Small Finance Bank Limited,EQ,14-FEB-2024,10,1,INE646H01017,10
CAPLIPOINT,Caplin Point Laboratories Limited,EQ,23-JUN-2014,2,1,INE475E01026,2
CAPTRU-RE1,Capital Trust Limited-RE,BE,20-OCT-2025,10,1,INE707C20026,10
CAPTRUST,Capital Trust Limited,EQ,16-JAN-2017,10,1,INE707C01018,10
CARBORUNIV,Carborundum Universal Limited,EQ,03-APR-1996,1,1,INE120A01034,1
CARERATING,CARE Ratings Limited,EQ,26-DEC-2012,10,1,INE752H01013,10
CARRARO,Carraro India Limited,EQ,30-DEC-2024,10,1,INE0V7W01012,10
CARTRADE,Cartrade Tech Limited,EQ,20-AUG-2021,10,1,INE290S01011,10
CARYSIL,CARYSIL LIMITED,EQ,14-JAN-2021,2,1,INE482D01024,2
CASTROLIND,Castrol India Limited,EQ,14-MAR-2014,5,1,INE172A01027,5
CCCL,Consolidated Construction Consortium Limited,EQ,15-OCT-2007,2,1,INE429I01024,2
CCHHL,Country Club Hospitality & Holidays Limited,EQ,03-FEB-2015,2,1,INE652F01027,2
CCL,CCL Products (India) Limited,EQ,07-JUN-2004,2,1,INE421D01022,2
CDSL,Central Depository Services (India) Limited,EQ,30-JUN-2017,10,1,INE736A01011,10
CEATLTD,CEAT Limited,EQ,01-FEB-2008,10,1,INE482A01020,10
CEIGALL,Ceigall India Limited,EQ,08-AUG-2024,5,1,INE0AG901020,5
CELEBRITY,Celebrity Fashions Limited,EQ,12-JAN-2006,10,1,INE185H01016,10
CELLO,Cello World Limited,EQ,06-NOV-2023,5,1,INE0LMW01024,5
CEMPRO,Cemindia Projects Limited,EQ,10-FEB-1999,1,1,INE686A01026,1
CENTENKA,Century Enka Limited,EQ,10-MAY-1995,10,1,INE485A01015,10
CENTEXT,Century Extrusions Limited,BE,20-JUL-2004,1,1,INE281A01026,1
CENTRALBK,Central Bank of India,EQ,21-AUG-2007,10,1,INE483A01010,10
CENTRUM,Centrum Capital Limited,EQ,04-APR-2018,1,1,INE660C01027,1
CENTUM,Centum Electronics Limited,EQ,05-OCT-2007,10,1,INE320B01020,10
CENTURYPLY,Century Plyboards (India) Limited,EQ,23-MAR-2006,1,1,INE348B01021,1
CERA,Cera Sanitaryware Limited,EQ,02-NOV-2007,5,1,INE739E01017,5
CEREBRAINT,Cerebra Integrated Technologies Limited,BZ,26-JUN-2013,10,1,INE345B01019,10
CESC,CESC Limited,EQ,08-FEB-1995,1,1,INE486A01021,1
CEWATER,Concord Enviro Systems Limited,EQ,27-DEC-2024,5,1,INE037Z01029,5
CGCL,Capri Global Capital Limited,EQ,29-OCT-2010,1,1,INE180C01042,1
CGPOWER,CG Power and Industrial Solutions Limited,EQ,01-MAR-1995,2,1,INE067A01029,2
CHALET,Chalet Hotels Limited,EQ,07-FEB-2019,10,1,INE427F01016,10
CHAMBLFERT,Chambal Fertilizers & Chemicals Limited,EQ,14-JUN-1995,10,1,INE085A01013,10
CHEMBOND,Chembond Material Technologies Limited,EQ,20-NOV-2019,5,1,INE995D01025,5
CHEMBONDCH,Chembond Chemicals Limited,EQ,23-JUL-2025,5,1,INE0TGX01019,5
CHEMCON,Chemcon Speciality Chemicals Limited,EQ,01-OCT-2020,10,1,INE03YM01018,10
CHEMFAB,Chemfab Alkalis Limited,EQ,25-APR-2018,10,1,INE783X01023,10
CHEMPLASTS,Chemplast Sanmar Limited,EQ,24-AUG-2021,5,1,INE488A01050,5
CHENNPETRO,Chennai Petroleum Corporation Limited,EQ,07-JUN-2000,10,1,INE178A01016,10
CHEVIOT,Cheviot Company Limited,EQ,20-JUN-2022,10,1,INE974B01016,10
CHOICEIN,Choice International Limited,EQ,08-APR-2022,10,1,INE102B01014,10
CHOLAFIN,Cholamandalam Investment and Finance Company Limited,EQ,15-MAY-1996,2,1,INE121A01024,2
CHOLAHLDNG,Cholamandalam Financial Holdings Limited,EQ,25-SEP-2017,1,1,INE149A01033,1
CIEINDIA,CIE Automotive India Limited,EQ,30-AUG-2007,10,1,INE536H01010,10
CIFL,Capital India Finance Limited,EQ,17-APR-2025,2,1,INE345H01024,2
CIGNITITEC,Cigniti Technologies Limited,EQ,13-OCT-2014,10,1,INE675C01017,10